Company,Item,Calories,TotalFat_g,SaturatedFat_g,Cholesterol_mg,Sodium_mg,Carbs_g,Fiber_g,Sugars_g,Protein_g,ItemType
Burger King,Whopper® Sandwich,660,40,12,90,980,49,2,11,28,LD
Burger King,Whopper® Sandwich with Cheese,740,46,16,115,1340,50,2,11,32,LD
Burger King,Double Whopper® Sandwich,900,58,20,175,1050,49,2,11,48,LD
Burger King,Double Whopper® Sandwich with Cheese,980,64,24,195,1410,50,2,11,52,LD
Burger King,Whopper JR.® Sandwich,310,18,5,40,390,27,1,7,13,LD
Burger King,Single Quarter Pound King Sandwich,580,29,13,105,1310,49,2,10,32,LD
Burger King,Single Stacker King,700,42,16,125,1360,48,1,10,35,LD
Burger King,IMPOSSIBLE Whopper® Sandwich,630,34,11,10,1080,58,4,12,25,LD
Burger King,Hamburger,240,10,4,35,380,26,1,6,13,LD
Burger King,Cheeseburger,280,13,6,45,560,27,1,7,15,LD
Burger King,Double Hamburger,350,18,7,70,410,26,1,6,21,LD
Burger King,Double Cheeseburger,390,21,9,85,590,27,1,7,23,LD
Burger King,Extra Long Cheeseburger,630,37,14,100,1050,45,2,9,29,LD
Burger King,Bacon Cheeseburger,320,16,7,55,710,27,1,7,17,LD
Burger King,Bacon Double Cheeseburger,420,24,10,90,740,27,1,7,25,LD
Burger King,Crispy Chicken Sandwich,670,41,7,60,1080,54,2,8,23,LD
Burger King,Spicy Crispy Chicken Sandwich,700,42,7,65,1140,57,3,8,25,LD
Burger King,Original Chicken Sandwich,660,40,7,75,1170,48,2,5,28,LD
Burger King,Crispy Chicken Jr.,450,30,5,30,780,34,2,5,12,LD
Burger King,Spicy Crispy Chicken Jr.,390,21,4,30,740,37,2,6,12,LD
Burger King,Chicken Nuggets- 4pc,170,11,2,25,310,11,1,0,8,LD
Burger King,Chicken Nuggets- 6pc,260,16,3,35,470,16,1,0,12,LD
Burger King,Chicken Nuggets- 10pc,430,27,5,55,780,27,2,0,20,LD
Burger King,Spicy Chicken Nuggets- 4pc,210,15,3,20,570,11,2,0,8,LD
Burger King,Spicy Chicken Nuggets- 6pc,320,22,5,35,850,17,3,0,12,LD
Burger King,Spicy Chicken Nuggets- 10 pc,530,37,7,55,1420,28,4,1,20,LD
Burger King,Chicken Fries – 9 pc.,280,17,3,35,850,20,1,1,13,LD
Burger King,Crispy Taco,170,9,3,10,410,19,2,1,5,LD
Burger King,BIG FISH Sandwich,510,28,5,30,1180,51,2,7,16,LD
Burger King,Garden Chicken Salad with Crispy Chicken – no dressing,440,25,7,75,930,31,3,4,25,LD
Burger King,Club Salad with Crispy Chicken – no dressing,540,33,10,95,1380,31,3,5,31,LD
Burger King,Garden Side Salad – w/o dressing,60,4,3,10,95,3,1,2,4,S
Burger King,Onion Rings – value,150,8,2,0,400,19,1,2,1,S
Burger King,Onion Rings – small,320,16,3,0,840,41,3,4,3,S
Burger King,Onion Rings – medium,410,21,4,0,1080,53,4,5,4,S
Burger King,Onion Rings – large,500,25,5,0,1310,64,5,7,5,S
Burger King,French Fries – value (unsalted),220,9,2,0,210,34,3,1,2,S
Burger King,French Fries – small,320,13,2,0,300,49,5,1,4,S
Burger King,French Fries – medium,380,16,2,0,360,58,6,1,4,S
Burger King,French Fries – large,430,18,3,0,410,66,7,2,5,S
Burger King,Kids Oatmeal,170,3,2,5,260,32,3,12,4,B
Burger King,Chicken Nuggets- 4pc,170,11,2,25,310,11,1,0,8,LD
Burger King,Chicken Nuggets- 6pc,260,16,3,35,470,16,1,0,12,LD
Burger King,Hamburger,240,10,4,35,380,26,1,6,13,LD
Burger King,Cheeseburger,280,13,6,45,560,27,1,7,15,LD
Burger King,CROISSAN’WICH® Egg & Cheese,340,18,8,160,610,29,1,4,12,B
Burger King,"CROISSAN’WICH® Sausage, Egg & Cheese",500,33,13,195,930,30,1,4,19,B
Burger King,"CROISSAN’WICH® Ham, Egg & Cheese",370,19,8,175,1030,30,1,5,17,B
Burger King,"CROISSAN’WICH® Bacon, Egg & Cheese",370,21,9,170,760,30,1,4,14,B
Burger King,Double CROISSAN’WICH® with Sausage & Bacon,580,40,16,215,1260,31,1,5,23,B
Burger King,Double CROISSAN’WICH® with Sausage,710,52,20,240,1420,31,1,5,29,B
Burger King,"Sausage, Egg, & Cheese Biscuit",530,38,17,195,1440,29,1,3,19,B
Burger King,"Bacon, Egg & Cheese Biscuit",400,26,13,170,1270,29,1,3,13,B
Burger King,Sausage Biscuit,420,28,6,35,1050,28,1,2,12,B
Burger King,Breakfast Burrito Jr.,370,23,8,150,930,27,3,2,15,B
Burger King,Pancake and Sausage platter,610,31,9,80,1010,72,1,30,12,B
Burger King,Hash Browns – small,250,16,4,0,580,24,3,0,2,BS
Burger King,Hash Browns – medium,500,33,7,0,1140,48,7,0,4,BS
Burger King,French Toast Sticks (3 piece),230,11,2,0,260,29,1,8,3,B
Burger King,French Toast Sticks (5 piece),380,18,3,0,430,49,2,13,5,B
KFC,Limited Time ORIGINAL RECIPE CHICKEN Chicken Breast,390,21,4,120,1190,11,2,0,39,LD
KFC,Limited Time ORIGINAL RECIPE CHICKEN Chicken Limited Time Drumstick,130,8,2,55,430,4,1,0,12,LD
KFC,Limited Time ORIGINAL RECIPE CHICKEN Chicken Thigh,280,19,5,100,910,8,1,0,19,LD
KFC,Limited Time ORIGINAL RECIPE CHICKEN Chicken Whole Wing,130,8,2,55,380,3,0,0,10,LD
KFC,Chicken Drumstick,250,21,4,50,530,6,1,0,11,LD
KFC,Chicken Thigh,500,40,7,100,970,11,1,1,22,LD
KFC,Chicken Whole Wing,290,25,4,45,520,6,1,1,10,LD
KFC,Breast,260,12,3,130,790,1,0,0,38,LD
KFC,Drumstick,100,6,2,55,260,0,0,0,11,LD
KFC,Thigh,180,12,4,90,470,0,0,0,17,LD
KFC,Whole Wing,90,6,2,45,210,1,0,0,9,LD
KFC,Breast,540,40,7,100,1390,14,2,1,31,LD
KFC,Drumstick,190,14,3,40,510,6,1,0,9,LD
KFC,Thigh,390,32,6,65,900,12,2,1,13,LD
KFC,Whole Wing,180,15,3,35,450,5,1,0,8,LD
KFC,EXTRA CRISPY  Chicken Breast,530,35,6,105,1150,18,0,0,35,LD
KFC,EXTRA CRISPY  Chicken Drumstick,170,12,2,50,390,5,0,0,10,LD
KFC,EXTRA CRISPY  Chicken Thigh,330,23,5,100,700,9,0,0,22,LD
KFC,EXTRA CRISPY  Chicken Whole Wing,170,13,2,45,340,5,0,0,10,LD
KFC,KENTUCKY GRILLED CHICKEN Breast,210,7,2,130,710,0,0,0,38,LD
KFC,KENTUCKY GRILLED CHICKEN Drumstick,80,4,1,55,220,0,0,0,11,LD
KFC,KENTUCKY GRILLED CHICKEN Thigh,150,9,3,90,420,0,0,0,17,LD
KFC,KENTUCKY GRILLED CHICKEN Whole Wing,70,3,1,45,180,0,0,0,9,LD
KFC,SPICY CRISPY CHICKEN Breast,350,20,4,100,1100,11,1,0,30,LD
KFC,SPICY CRISPY CHICKEN Drumstick,130,8,2,40,420,5,1,0,9,LD
KFC,SPICY CRISPY CHICKEN Thigh,270,20,4,65,720,10,1,0,13,LD
KFC,SPICY CRISPY CHICKEN Whole Wing,120,8,2,35,350,5,0,0,7,LD
KFC,EXTRA CRISPY  Tender (each),260,14,2,50,610,15,0,0,19,LD
KFC,EXTRA CRISPY  Tender (each),220,16,3,25,460,9,0,0,10,LD
KFC,KENTUCKY FRIED WINGS Buffalo,100,7,2,20,310,3,0,0,5,LD
KFC,KENTUCKY FRIED WINGS Honey BBQ,100,6,1,20,210,8,0,4,5,LD
KFC,KENTUCKY FRIED WINGS Nashville Hot,130,11,2,20,230,4,0,0,5,LD
KFC,KENTUCKY FRIED WINGS Unsauced,80,6,1,20,150,3,0,0,5,LD
KFC,POPCORN NUGGETS Kids,290,19,3,30,870,19,1,0,13,LD
KFC,BBQ Baked Beans,190,1,0,0,650,34,7,15,11,S
KFC,Biscuit,180,8,5,0,520,22,1,1,4,S
KFC,Coleslaw,170,12,2,0,180,14,4,10,1,S
KFC,Corn on the Cob,70,1,0,0,0,17,2,3,2,S
KFC,Green Beans,25,0,0,0,300,5,3,1,1,S
KFC,KFC® Cornbread Muffin,210,9,2,35,240,28,0,11,3,S
KFC,Macaroni & Cheese,140,6,2,0,590,17,1,2,5,S
KFC,Macaroni Salad,140,8,1,15,290,14,0,9,1,S
KFC,Mashed Potatoes,110,4,1,0,330,17,1,0,2,S
KFC,Mashed Potatoes With Gravy,130,5,1,0,520,20,1,0,3,S
KFC,Potato Salad,340,28,5,25,290,19,2,3,2,S
KFC,Secret Recipe Fries,320,15,2,0,1100,41,3,0,5,S
KFC,Sweet Kernel Corn,70,1,0,0,0,16,2,2,2,S
KFC,Coleslaw (Family),640,46,7,15,670,54,14,37,4,S
KFC,Corn on the Cob (Family),280,2,0,0,15,67,8,11,9,S
KFC,Green Beans (Family),80,0,0,0,930,15,9,3,4,S
KFC,Macaroni Salad (Family),480,28,4,55,990,50,0,30,3,S
KFC,Mashed Potatoes (Family),460,15,3,0,1410,72,6,0,9,S
KFC,Sweet Kernel Corn (Family),280,3,0,0,10,67,7,8,10,S
KFC,Chicken Littles,300,15,3,30,620,27,1,3,14,LD
KFC,Chicken Littles – Buffalo,310,17,3,30,790,27,1,3,14,LD
KFC,Chicken Littles – Honey BBQ,320,15,3,30,680,31,1,7,14,LD
KFC,Chicken Littles – Nashville Hot,340,19,3,30,680,27,1,3,14,LD
KFC,Classic Chicken Sandwich,650,35,5,90,1260,49,0,6,34,LD
KFC,Crispy Colonel’s Sandwich,470,24,4,60,1170,39,0,4,24,LD
KFC,Crispy Colonel’s Sandwich – Honey BBQ,510,25,4,60,1290,48,0,12,24,LD
KFC,Crispy Colonel’s Sandwich – Nashville Hot,540,32,5,60,1290,40,0,5,24,LD
KFC,Crispy Twister®,630,34,7,70,1260,53,4,3,28,LD
KFC,Honey BBQ Sandwich,350,4,1,55,1350,55,2,22,24,LD
KFC,KFC® Famous Bowl – Snack Size,270,14,4,20,850,27,2,1,11,LD
KFC,Caesar Side Salad,40,2,1,5,90,2,1,1,3,S
KFC,House Side Salad,15,0,0,0,10,3,2,2,1,S
KFC,Country Fried Steak without Peppered White Gravy,360,24,7,35,750,22,2,0,13,LD
KFC,Country Fried Steak with Peppered White Gravy,390,26,7,35,910,26,2,0,13,LD
KFC,KFC® Gizzards,300,16,2,210,770,18,0,0,20,LD
KFC,KFC® Livers,230,13,3,285,750,12,0,0,17,LD
McDonald’s,Hamburger,250,9,4,25,520,31,2,6,12,LD
McDonald’s,Cheeseburger,300,12,6,40,750,33,2,6,15,LD
McDonald’s,Double Cheeseburger,440,23,11,80,1150,34,2,7,25,LD
McDonald’s,McDouble,390,19,8,65,920,33,2,7,22,LD
McDonald’s,Quarter Pounder® with Cheese,510,26,12,90,1190,40,3,9,29,LD
McDonald’s,Double Quarter Pounder® with Cheese,740,42,19,155,1380,40,3,9,48,LD
McDonald’s,Big Mac®,540,29,10,75,1040,45,3,9,25,LD
McDonald’s,Big N’ Tasty®,460,24,8,70,720,37,3,8,24,LD
McDonald’s,Big N’ Tasty® with Cheese,510,28,11,85,960,38,3,8,27,LD
McDonald’s,Angus Mushroom & Swiss,770,40,17,135,1170,59,4,8,44,LD
McDonald’s,Filet-O-Fish®,380,18,4,40,640,38,2,5,15,LD
McDonald’s,McChicken ®,360,16,3,35,830,40,2,5,14,LD
McDonald’s,McRib ®,500,26,10,70,980,44,3,11,22,LD
McDonald’s,Premium Grilled Chicken Classic Sandwich,360,9,2,65,820,41,4,8,27,LD
McDonald’s,Premium Crispy Chicken Classic Sandwich,510,22,4,45,990,56,3,10,24,LD
McDonald’s,Premium Grilled Chicken Club Sandwich,460,17,6,90,1040,43,4,9,35,LD
McDonald’s,Premium Crispy Chicken Club Sandwich,620,29,7,70,1200,57,3,11,31,LD
McDonald’s,Premium Grilled Chicken Ranch BLT Sandwich,380,10,3,75,1000,41,4,9,31,LD
McDonald’s,Premium Crispy Chicken Ranch BLT Sandwich,540,23,5,55,1160,56,3,11,27,LD
McDonald’s,Southern Style Crispy Chicken Sandwich,400,17,3,45,1030,39,1,6,24,LD
McDonald’s,Ranch Snack Wrap® (Crispy),340,17,5,30,810,33,1,2,14,LD
McDonald’s,Ranch Snack Wrap® (Grilled),270,10,4,45,830,26,1,2,18,LD
McDonald’s,Honey Mustard Snack Wrap® (Crispy),330,16,5,30,780,34,1,4,14,LD
McDonald’s,Honey Mustard Snack Wrap® (Grilled),260,9,4,45,800,27,1,4,18,LD
McDonald’s,Chipotle BBQ Snack Wrap® (Crispy),330,15,5,30,810,35,1,4,14,LD
McDonald’s,Chipotle BBQ Snack Wrap® (Grilled),260,9,4,45,830,28,1,5,18,LD
McDonald’s,Angus Bacon & Cheese Snack Wrap,390,21,9,75,1080,28,1,4,21,LD
McDonald’s,Angus Chipotle BBQ Bacon Snack Wrap,400,22,10,75,1060,30,1,6,21,LD
McDonald’s,Angus Deluxe Snack Wrap,410,25,10,75,990,27,2,3,20,LD
McDonald’s,Angus Mushroom & Swiss Snack Wrap,430,26,10,75,730,27,2,2,22,LD
McDonald’s,Mac Snack Wrap,330,19,7,45,690,26,1,3,15,LD
McDonald’s,Small French Fries,230,11,2,0,160,29,3,0,3,S
McDonald’s,Medium French Fries,380,19,3,0,270,48,5,0,4,S
McDonald’s,Large French Fries,500,25,4,0,350,63,6,0,6,S
McDonald’s,Chicken McNuggets® (4 piece),190,12,2,25,360,12,1,0,9,LD
McDonald’s,Chicken McNuggets® (6 piece),280,18,3,40,540,18,1,0,13,LD
McDonald’s,Chicken McNuggets® (10 piece),470,30,5,65,900,30,2,0,22,LD
McDonald’s,Chicken Selects® Premium Breast Strips (3 pc),400,24,4,50,1010,23,0,0,23,LD
McDonald’s,Premium Southwest Salad with Grilled Chicken,320,9,3,70,960,30,6,11,30,LD
McDonald’s,Premium Southwest Salad with Crispy Chicken,430,20,4,55,920,38,6,12,26,LD
McDonald’s,Premium Southwest Salad (without chicken),140,5,2,10,150,20,6,6,6,LD
McDonald’s,Premium Bacon Ranch Salad with Grilled Chicken,260,9,4,90,1010,12,3,5,33,LD
McDonald’s,Premium Bacon Ranch Salad with Crispy Chicken,370,20,6,75,970,20,3,6,29,LD
McDonald’s,Premium Bacon Ranch Salad (without chicken),140,7,4,25,300,10,3,4,9,LD
McDonald’s,Premium Caesar Salad with Grilled Chicken,220,6,3,75,890,12,3,5,30,LD
McDonald’s,Premium Caesar Salad with Crispy Chicken,330,17,5,60,840,20,3,6,26,LD
McDonald’s,Premium Caesar Salad (without chicken),90,4,3,10,180,9,3,4,7,LD
McDonald’s,Side Salad,20,0,0,0,10,4,1,2,1,S
McDonald’s,Snack Size Fruit & Walnut Salad,210,8,2,5,60,31,2,25,4,S
McDonald’s,Egg McMuffin®,300,12,5,260,820,30,2,3,18,B
McDonald’s,Sausage McMuffin®,370,22,8,45,850,29,2,2,14,B
McDonald’s,Sausage McMuffin® with Egg,450,27,10,285,920,30,2,2,21,B
McDonald’s,English Muffin,160,3,1,0,280,27,2,2,5,B
McDonald’s,"Bacon, Egg & Cheese Biscuit (Regular Size Biscuit)",420,23,12,235,1160,37,2,3,15,B
McDonald’s,"Bacon, Egg & Cheese Biscuit (Large Size Biscuit)",480,27,12,235,1270,43,3,4,15,B
McDonald’s,Sausage Biscuit with Egg (Regular Size Biscuit),510,33,14,250,1170,36,2,2,18,B
McDonald’s,Sausage Biscuit with Egg (Large Size Biscuit),570,37,15,250,1280,42,3,3,18,B
McDonald’s,Sausage Biscuit (Regular Size Biscuit),430,27,12,30,1080,34,2,2,11,B
McDonald’s,Sausage Biscuit (Large Size Biscuit),480,31,13,30,1190,39,3,3,11,B
McDonald’s,Southern Style Chicken Biscuit (Regular Size Biscuit),410,20,8,30,1180,41,2,3,17,B
McDonald’s,Southern Style Chicken Biscuit (Large Size Biscuit),470,24,9,30,1290,46,3,4,17,B
McDonald’s,"Bacon, Egg & Cheese McGriddles®",420,18,8,240,1110,48,2,15,15,B
McDonald’s,"Sausage, Egg & Cheese McGriddles®",560,32,12,265,1360,48,2,15,20,B
McDonald’s,Sausage McGriddles®,420,22,8,35,1030,44,2,15,11,B
McDonald’s,Sausage Burrito,300,16,7,115,830,26,1,2,12,B
McDonald’s,McSkillet™ Burrito with Sausage,610,36,14,410,1390,44,3,4,27,B
McDonald’s,Hotcakes,350,9,2,20,590,60,3,14,8,B
McDonald’s,Hotcakes and Sausage,520,24,7,50,930,61,3,14,15,B
McDonald’s,Hash Brown,150,9,2,0,310,15,2,0,1,BS
McDonald’s,"Bacon, Egg & Cheese Bagel",560,27,9,260,1300,56,3,7,24,B
McDonald’s,Fruit & Maple Oatmeal,290,5,2,10,160,57,5,32,5,B
McDonald’s,Fruit & Maple Oatmeal without Brown Sugar,260,5,2,10,115,48,5,18,5,B
McDonald’s,Hamburger Happy Meal,475,16,6,40,690,62,2,20,22,LD
McDonald’s,4 Piece Chicken McNuggets Happy Meal,395,17,4,35,510,41,1,14,19,LD
McDonald’s,6 Piece Chicken McNuggets® Happy Meal,475,22,5,50,680,46,2,14,24,LD
Pizza Hut,Detroit Double Cheesy Pizza Slice,280,12,6,30,560,31,2,2,13,LD
Pizza Hut,Detroit Double Pepperoni Pizza Slice,330,17,7,40,720,30,2,2,14,LD
Pizza Hut,Detroit Meaty Pizza Slice,320,16,6,35,640,31,2,2,14,LD
Pizza Hut,Detroit Supremo Pizza Slice,290,13,6,30,570,31,2,2,13,LD
Pizza Hut,Pan Pizza Slices Backyard BBQ Chicken Personal Pan,180,6,2,15,370,25,1,8,8,LD
Pizza Hut,Pan Pizza Slices Backyard BBQ Chicken Medium,270,10,4,25,450,33,2,6,11,LD
Pizza Hut,Pan Pizza Slices Backyard BBQ Chicken Large,380,16,6,35,650,43,2,7,16,LD
Pizza Hut,Pan Pizza Slices Beyond Meat® Pepperoni Medium,240,10,5,15,470,29,2,1,10,LD
Pizza Hut,Pan Pizza Slices Beyond Meat® Pepperoni Large,350,16,6,25,680,38,3,2,14,LD
Pizza Hut,Pan Pizza Slices Buffalo Chicken Personal Pan,160,5,2,15,570,22,1,2,7,LD
Pizza Hut,Pan Pizza Slices Buffalo Chicken Medium,240,9,4,20,680,31,2,2,11,LD
Pizza Hut,Pan Pizza Slices Buffalo Chicken Large,350,14,5,30,850,40,2,2,15,LD
Pizza Hut,Pan Pizza Slices Cheese Personal Pan,150,6,3,15,310,17,1,2,7,LD
Pizza Hut,Pan Pizza Slices Cheese Medium,250,10,5,25,450,28,2,1,11,LD
Pizza Hut,Pan Pizza Slices Cheese Large,360,17,7,35,660,37,2,2,16,LD
Pizza Hut,Pan Pizza Slices Chicken Bacon Parmesan Personal Pan,180,8,3,20,350,17,1,2,9,LD
Pizza Hut,Pan Pizza Slices Chicken Bacon Parmesan Medium,270,13,5,30,470,27,2,1,12,LD
Pizza Hut,Pan Pizza Slices Chicken Bacon Parmesan Large,390,20,7,40,680,35,2,2,18,LD
Pizza Hut,Pan Pizza Slices Hawaiian Chicken Personal Pan,150,5,2,15,330,18,1,3,8,LD
Pizza Hut,Pan Pizza Slices Hawaiian Chicken Medium,240,9,4,20,480,29,2,2,12,LD
Pizza Hut,Pan Pizza Slices Hawaiian Chicken Large,350,15,5,30,690,38,2,3,17,LD
Pizza Hut,Pan Pizza Slices Meat Lover’s® Personal Pan,210,12,5,25,460,18,1,2,9,LD
Pizza Hut,Pan Pizza Slices Meat Lover’s® Medium,320,17,6,35,640,28,2,1,13,LD
Pizza Hut,Pan Pizza Slices Meat Lover’s® Large,470,27,10,50,940,37,2,2,19,LD
Pizza Hut,Pan Pizza Slices Pepperoni Personal Pan,150,7,3,15,310,17,1,2,6,LD
Pizza Hut,Pan Pizza Slices Pepperoni Medium,250,11,5,25,470,28,2,1,10,LD
Pizza Hut,Pan Pizza Slices Pepperoni Large,370,18,6,35,680,36,2,2,15,LD
Pizza Hut,Pan Pizza Slices Pepperoni Lover’s® Personal Pan,180,9,4,20,370,17,1,2,8,LD
Pizza Hut,Pan Pizza Slices Pepperoni Lover’s® Medium,300,15,6,35,580,28,2,1,13,LD
Pizza Hut,Pan Pizza Slices Pepperoni Lover’s® Large,440,24,9,50,850,37,3,2,19,LD
Pizza Hut,Pan Pizza Slices Supreme Personal Pan,170,8,3,15,360,18,1,2,7,LD
Pizza Hut,Pan Pizza Slices Supreme Medium,270,13,5,25,500,29,2,2,11,LD
Pizza Hut,Pan Pizza Slices Supreme Large,390,20,7,40,740,37,2,2,16,LD
Pizza Hut,Pan Pizza Slices Ultimate Cheese Lover’s® Personal Pan,170,8,4,15,330,17,1,2,8,LD
Pizza Hut,Pan Pizza Slices Ultimate Cheese Lover’s® Medium,270,13,5,25,470,27,2,1,12,LD
Pizza Hut,Pan Pizza Slices Ultimate Cheese Lover’s® Large,390,20,8,40,670,36,2,2,17,LD
Pizza Hut,Pan Pizza Slices Veggie Lover’s® Personal Pan,140,5,2,10,290,18,1,2,6,LD
Pizza Hut,Pan Pizza Slices Veggie Lover’s® Medium,230,9,4,15,420,29,2,2,9,LD
Pizza Hut,Pan Pizza Slices Veggie Lover’s® Large,330,15,5,25,620,38,3,3,14,LD
Pizza Hut,Hand Tossed Slices Backyard BBQ Chicken Small,140,4,2,15,250,20,1,4,6,LD
Pizza Hut,Hand Tossed Slices Backyard BBQ Chicken Medium,220,7,3,20,390,31,2,6,10,LD
Pizza Hut,Hand Tossed Slices Backyard BBQ Chicken Large,300,10,5,30,530,40,2,7,14,LD
Pizza Hut,Hand Tossed Slices Beyond Meat® Pepperoni Medium,200,7,4,15,410,26,2,1,9,LD
Pizza Hut,Hand Tossed Slices Beyond Meat® Pepperoni Large,280,10,5,20,560,35,3,2,12,LD
Pizza Hut,Hand Tossed Slices  Buffalo Chicken Small,130,4,2,10,380,19,0,0,6,LD
Pizza Hut,Hand Tossed Slices  Buffalo Chicken Medium,200,5,3,20,560,28,2,1,9,LD
Pizza Hut,Hand Tossed Slices  Buffalo Chicken Large,270,8,4,30,740,37,2,2,13,LD
Pizza Hut,Hand Tossed Slices Cheese Small,130,5,2,10,250,17,1,0,6,LD
Pizza Hut,Hand Tossed Slices Cheese Medium,210,8,4,20,390,26,2,1,10,LD
Pizza Hut,Hand Tossed Slices Cheese Large,290,10,5,30,540,34,3,2,13,LD
Pizza Hut,Hand Tossed Slices Chicken Bacon Parmesan Small,150,6,3,15,270,16,1,0,7,LD
Pizza Hut,Hand Tossed Slices Chicken Bacon Parmesan Medium,230,9,4,25,410,25,2,1,11,LD
Pizza Hut,Hand Tossed Slices Chicken Bacon Parmesan Large,310,13,5,35,560,33,2,1,16,LD
Pizza Hut,Hand Tossed Slices Hawaiian Chicken Small,130,4,2,10,270,17,1,1,7,LD
Pizza Hut,Hand Tossed Slices Hawaiian Chicken Medium,210,6,3,20,420,27,2,2,10,LD
Pizza Hut,Hand Tossed Slices Hawaiian Chicken Large,280,9,4,30,580,36,3,3,15,LD
Pizza Hut,Hand Tossed Slices Meat Lover’s® Small,180,9,4,20,370,17,1,1,7,LD
Pizza Hut,Hand Tossed Slices Meat Lover’s® Medium,290,15,6,30,590,26,2,1,12,LD
Pizza Hut,Hand Tossed Slices Meat Lover’s® Large,390,21,8,45,830,34,3,2,17,LD
Pizza Hut,Hand Tossed Slices Pepperoni Small,130,5,2,10,260,16,1,1,6,LD
Pizza Hut,Hand Tossed Slices Pepperoni Medium,220,9,4,20,420,25,2,1,9,LD
Pizza Hut,Hand Tossed Slices Pepperoni Large,300,13,6,30,590,34,3,2,13,LD
Pizza Hut,Hand Tossed Slices Pepperoni Lover’s® Small,160,7,3,20,310,17,1,1,7,LD
Pizza Hut,Hand Tossed Slices Pepperoni Lover’s® Medium,270,13,6,35,530,26,2,1,12,LD
Pizza Hut,Hand Tossed Slices Pepperoni Lover’s® Large,370,18,8,50,740,35,3,2,17,LD
Pizza Hut,Hand Tossed Slices Supreme Small,150,6,3,15,280,17,1,1,6,LD
Pizza Hut,Hand Tossed Slices Supreme Medium,240,10,4,25,450,26,2,2,10,LD
Pizza Hut,Hand Tossed Slices Supreme Large,320,14,6,35,630,35,3,2,14,LD
Pizza Hut,Hand Tossed Slices Ultimate Cheese Lover’s® Small,150,6,3,15,250,16,1,1,6,LD
Pizza Hut,Hand Tossed Slices Ultimate Cheese Lover’s® Medium,230,10,5,25,390,25,2,1,11,LD
Pizza Hut,Hand Tossed Slices Ultimate Cheese Lover’s® Large,310,13,6,35,540,33,2,1,15,LD
Pizza Hut,Hand Tossed Slices Veggie Lover’s® Small,120,4,2,10,230,17,1,1,5,LD
Pizza Hut,Hand Tossed Slices Veggie Lover’s® Medium,200,6,3,15,370,27,2,2,8,LD
Pizza Hut,Hand Tossed Slices Veggie Lover’s® Large,260,9,4,20,510,36,3,3,11,LD
Taco Bell,Bacon Club Chalupa,440,27,5,50,840,31,2,3,20,LD
Taco Bell,Loaded Nacho Taco,250,12,5,25,610,24,3,2,10,LD
Taco Bell,Nacho Fries,320,18,2,5,630,35,4,2,4,S
Taco Bell,Nacho Fries BellGrande®,710,40,6,30,1440,73,10,4,13,LD
Taco Bell,Black Bean Chalupa – Online Exclusive,330,15,3,10,430,39,5,3,10,LD
Taco Bell,Black Bean Quesarito – Online Exclusive,630,29,10,35,1260,73,7,5,19,LD
Taco Bell,Quesarito – Online Exclusive,650,33,12,55,1390,67,6,5,22,LD
Taco Bell,Chalupa Supreme® – Beef,350,18,5,25,560,33,4,3,13,LD
Taco Bell,Chalupa Supreme® – Chicken,330,15,4,35,560,31,2,3,16,LD
Taco Bell,Chalupa Supreme® – Steak,330,16,4,30,530,32,2,3,15,LD
Taco Bell,Cheesy Gordita Crunch,500,28,10,55,850,41,5,4,20,LD
Taco Bell,Crunchy Taco,170,9,4,25,310,13,3,0,8,LD
Taco Bell,Crunchy Taco Supreme®,190,11,5,25,340,15,3,2,8,LD
Taco Bell,Loaded Nacho Taco (New),250,12,5,25,610,24,3,2,10,LD
Taco Bell,Nacho Cheese Doritos® Locos Taco,170,9,4,25,360,13,3,0,8,LD
Taco Bell,Nacho Cheese Doritos® Locos Taco Supreme®,190,11,5,30,380,15,3,2,8,LD
Taco Bell,Soft Taco – Beef,180,9,4,25,500,17,3,1,9,LD
Taco Bell,Soft Taco – Chicken,160,5,3,30,500,16,1,1,12,LD
Taco Bell,Soft Taco – Beef,210,10,5,25,520,20,3,2,10,LD
Taco Bell,Soft Taco – Chicken,180,7,4,35,520,18,2,2,13,LD
Taco Bell,Bean Burrito (V),350,9,4,5,1000,54,11,3,13,LD
Taco Bell,Beefy 5-Layer Burrito,490,18,7,30,1250,63,9,5,18,LD
Taco Bell,Burrito Supreme® – Beef,390,14,6,25,1110,51,9,4,16,LD
Taco Bell,Burrito Supreme® – Chicken,370,11,5,35,1110,49,8,4,19,LD
Taco Bell,Burrito Supreme® – Steak,370,12,5,30,1090,49,7,4,18,LD
Taco Bell,Chili Cheese Burrito (regional),370,17,8,35,970,40,4,2,16,LD
Taco Bell,Quesarito – Beef,650,33,12,55,1390,67,6,5,22,LD
Taco Bell,Quesarito – Chicken,620,29,11,65,1390,66,4,4,25,LD
Taco Bell,Quesarito – Steak,630,30,11,60,1370,66,4,4,24,LD
Taco Bell,Chips and Nacho Cheese Sauce (V),220,13,2,5,250,24,2,2,2,S
Taco Bell,Nacho Fries (V) (New),320,18,2,5,630,35,4,2,4,S
Taco Bell,Nacho Fries BellGrande® (New),710,40,6,30,1440,73,10,4,13,LD
Taco Bell,Nachos BellGrande® – Beef,740,38,7,25,1050,82,15,5,16,LD
Taco Bell,Nachos BellGrande® – Chicken,720,35,6,35,1050,81,14,5,20,LD
Taco Bell,Nachos BellGrande® – Steak,720,36,6,30,1030,81,14,5,19,LD
Taco Bell,Beef Quesarito,650,33,12,55,1390,67,6,5,22,LD
Taco Bell,Black Bean Quesarito (V),630,29,10,35,1260,73,7,5,19,LD
Taco Bell,Quesadilla – Cheese (V),470,25,12,50,990,37,4,2,19,LD
Taco Bell,Quesadilla – Chicken,510,26,12,75,1250,38,4,2,27,LD
Taco Bell,Quesadilla – Steak,520,27,12,70,1230,38,4,2,27,LD
Taco Bell,Bacon Club Chalupa – Specialties,440,27,5,50,840,31,2,3,20,LD
Taco Bell,Black Bean Chalupa – Specialties,330,15,3,10,430,39,5,3,10,LD
Taco Bell,Black Bean Crunchwrap Supreme – Specialties,510,17,5,5,1080,77,8,6,13,LD
Taco Bell,Black Bean Quesarito – Specialties,630,29,10,35,1260,73,7,5,19,LD
Taco Bell,Chalupa Supreme® – Specialties,350,18,5,25,560,33,4,3,13,LD
Taco Bell,Cheesy Gordita Crunch – Specialties,500,28,10,55,850,41,5,4,20,LD
Taco Bell,Cheesy Roll Up – Specialties,180,9,5,20,430,15,2,0,9,LD
Taco Bell,Crunchwrap Supreme® – Specialties,530,21,6,25,1200,71,6,6,16,LD
Taco Bell,Crunchy Taco – Specialties,170,9,4,25,310,13,3,0,8,LD
Taco Bell,Nacho Cheese Doritos® Locos Taco – Specialties,170,9,4,25,360,13,3,0,8,LD
Taco Bell,Nachos BellGrande® – Specialties,740,38,7,25,1050,82,15,5,16,LD
Taco Bell,Power Menu Bowl – Specialties,470,19,6,70,1200,50,7,2,26,LD
Taco Bell,Quesadilla – Specialties,510,26,12,75,1250,38,4,2,27,LD
Taco Bell,Quesarito – Specialties,650,33,12,55,1390,67,6,5,22,LD
Taco Bell,Soft Taco – Specialties,180,9,4,25,500,17,3,1,9,LD
Taco Bell,Soft Taco Supreme – Specialties,210,10,5,25,520,20,3,2,10,LD
Taco Bell,Veggie Power Menu Bowl – Specialties,430,17,5,20,810,57,10,2,12,LD
Taco Bell,Black Beans & Rice (V),170,4,0,0,320,31,4,0,4,S
Taco Bell,Black Beans (V),50,1,0,0,135,8,3,0,2,S
Taco Bell,Beef Burrito – Value Menu,430,19,5,20,970,51,4,3,12,LD
Taco Bell,Cheesy Bean & Rice Burrito – Value Menu,420,16,4,5,880,56,7,3,10,LD
Taco Bell,Cheesy Roll Up – Value Menu,180,9,5,20,430,15,2,0,9,LD
Taco Bell,Chicken Chipotle Melt – Value Menu,190,9,3,35,530,15,1,0,12,LD
Taco Bell,Loaded Nacho Taco – Value Menu,250,12,5,25,610,24,3,2,10,LD
Taco Bell,Bean Burrito,350,9,4,5,1000,54,11,3,13,LD
Taco Bell,Black Bean Chalupa,330,15,3,10,430,39,5,3,10,LD
Taco Bell,Black Bean Crunchwrap Supreme,510,17,5,5,1080,77,8,6,13,LD
Taco Bell,Black Bean Quesarito,630,29,10,35,1260,73,7,5,19,LD
Taco Bell,Black Beans & Rice,170,4,0,0,320,31,4,0,4,S
Taco Bell,Cheese Quesadilla,470,25,12,50,990,37,4,2,19,LD
Taco Bell,Cheesy Bean & Rice Burrito,420,16,4,5,880,56,7,3,10,LD
Taco Bell,Cheesy Roll Up,180,9,5,20,430,15,2,0,9,LD
Taco Bell,Chips and Nacho Cheese Sauce,220,13,2,5,250,24,2,2,2,S
Taco Bell,Hash Brown,160,12,1,0,270,13,2,0,1,BS
Taco Bell,Power Menu Bowl – Veggie,430,17,5,20,810,57,10,2,12,LD
Taco Bell,Power Menu Bowl – Chicken,470,19,6,70,1200,50,7,2,26,LD
Taco Bell,Power Menu Bowl – Steak,480,20,7,60,1150,51,7,2,25,LD
Taco Bell,Power Menu Bowl – Veggie (V),430,17,5,20,810,57,10,2,12,LD
Taco Bell,Breakfast Crunchwrap – Bacon,670,41,12,140,1270,50,4,3,21,B
Taco Bell,Breakfast Crunchwrap – Sausage,720,47,15,145,1210,51,4,3,21,B
Taco Bell,Breakfast Crunchwrap – Steak,660,38,12,145,1300,51,4,3,24,B
Taco Bell,Cheesy Toasted Breakfast Burrito – Bacon,350,16,5,115,870,36,2,3,13,B
Taco Bell,Cheesy Toasted Breakfast Burrito – Fiesta Potato (V),340,14,4,100,750,43,3,3,10,B
Taco Bell,Cheesy Toasted Breakfast Burrito – Sausage,340,17,5,110,730,36,2,3,11,B
Taco Bell,Grande Toasted Breakfast Burrito – Bacon,560,30,10,230,1290,49,4,3,24,B
Taco Bell,Grande Toasted Breakfast Burrito – Sausage,560,31,10,230,1150,49,4,3,22,B
Taco Bell,Grande Toasted Breakfast Burrito – Steak,560,28,9,240,1310,50,4,3,27,B
Taco Bell,Hash Brown (V),160,12,1,0,270,13,2,0,1,BS
Taco Bell,Hash Brown Toasted Breakfast Burrito – Bacon,570,33,10,135,1270,49,4,2,21,B
Taco Bell,Hash Brown Toasted Breakfast Burrito – Sausage,570,34,10,130,1130,49,4,2,18,B
Taco Bell,Hash Brown Toasted Breakfast Burrito – Steak,570,30,9,140,1290,50,4,2,24,B
Wendy’s,Dave’s Double,810,51,20,175,1280,41,3,8,49,LD
Wendy’s,Dave’s Single,570,34,13,100,1110,40,3,9,30,LD
Wendy’s,Double Stack,390,21,9,90,740,26,1,6,25,LD
Wendy’s,Jr. Bacon Cheeseburger,380,22,8,65,680,25,1,5,19,LD
Wendy’s,Jr. Cheeseburger,280,13,6,50,660,26,1,6,16,LD
Wendy’s,Jr. Cheeseburger Deluxe,340,19,7,55,660,27,2,7,16,LD
Wendy’s,Son of Baconator,630,39,15,125,1280,37,2,7,34,LD
Wendy’s,3 Piece Chicken Tenders,330,16,3,75,1010,22,0,0,24,LD
Wendy’s,4 Piece Chicken Nuggets,170,11,2,35,340,10,0,0,9,LD
Wendy’s,4 Piece Chicken Tenders,430,21,4,100,1350,29,0,1,32,LD
Wendy’s,6 Picece Chicken Nuggets,250,16,4,50,510,14,1,0,13,LD
Wendy’s,10 Piece Chicken Nuggets,420,27,5,80,850,24,1,0,22,LD
Wendy’s,Crispy Chicken BLT,420,23,6,50,950,35,2,5,20,LD
Wendy’s,Crispy Chicken Sandwich,330,16,3,30,600,33,2,4,14,LD
Wendy’s,Grilled Asiago Ranch Club,530,23,7,120,1220,36,3,6,43,LD
Wendy’s,Grilled Chicken Sandwich,370,10,2,90,830,38,3,8,34,LD
Wendy’s,Grilled Chicken Wrap,270,10,4,55,640,24,2,3,20,LD
Wendy’s,Homestyle Chicken Sandwich,510,22,4,70,1150,51,3,6,28,LD
Wendy’s,Spicy Chicken Sandwich,510,20,4,65,1030,54,4,6,29,LD
Wendy’s,Spicy Chicken Wrap,370,20,5,50,850,30,2,2,18,LD
Wendy’s,"Apple Pecan Chicken Salad, Full Size",560,24,7,115,1020,52,7,40,38,LD
Wendy’s,"Apple Pecan Chicken Salad, Half Size",340,17,4,55,550,29,4,22,20,LD
Wendy’s,"Berry Burst Chicken Salad, Full Size",460,17,5,105,1090,41,7,29,41,LD
Wendy’s,"Berry Burst Chicken Salad, Half Size",290,13,3,50,570,23,5,15,23,LD
Wendy’s,Caesar Side Salad,240,15,4,30,500,19,3,4,8,S
Wendy’s,Garden Side Salad,250,18,4,20,460,18,2,4,7,S
Wendy’s,"Southwest Avocado Chicken Salad, Full Size",600,41,11,135,1220,18,7,7,42,LD
Wendy’s,"Southwest Avocado Chicken Salad, Half Size",300,20,6,70,620,10,4,4,21,LD
Wendy’s,"Spicy Caesar Chicken Salad, Half Size",410,23,6,75,930,30,5,4,23,LD
Wendy’s,"Taco Salad, Half Size",470,23,8,45,1320,49,7,12,19,LD
Wendy’s,Baconator Fries,490,28,9,35,550,45,4,2,14,S
Wendy’s,Bacon Cheese Baked Potato,440,14,6,35,550,64,7,4,17,S
Wendy’s,Cheese Baked Potato,430,13,7,30,560,65,7,5,14,S
Wendy’s,Chili & Cheese Baked Potato,460,11,5,35,710,71,8,7,19,S
Wendy’s,"Chili, Large",250,7,3,50,1170,23,5,9,23,S
Wendy’s,"Chili, Small",170,5,2,35,780,16,4,6,15,S
Wendy’s,Chili Cheese Fries,500,25,8,35,710,53,6,4,16,S
Wendy’s,"Natural-Cut Fries, Junior",230,10,2,0,15,30,3,0,3,S
Wendy’s,"Natural-Cut Fries, Large",530,24,5,0,520,70,6,0,7,S
Wendy’s,"Natural-Cut Fries, Medium",420,19,4,0,420,56,5,0,6,S
Wendy’s,"Natural-Cut Fries, Small",320,15,3,0,320,43,4,0,5,S
Wendy’s,Plain Baked Potato,270,0,0,0,25,61,7,3,7,S
Wendy’s,Sour Cream and Chive Baked Potato,310,3,3,10,35,63,7,4,8,S
Wendy’s,Kids 2 Piece Chicken Tenders,200,10,2,45,620,13,0,0,15,LD
Wendy’s,Kids 4 Piece Chicken Nuggets,170,11,2,35,340,10,0,0,9,LD
Wendy’s,Kids Cheeseburger,280,13,6,50,540,25,1,5,15,LD
Wendy’s,Kids Grilled Chicken Wrap,270,10,4,55,640,24,2,3,20,LD
Wendy’s,Kids Hamburger,240,9,4,40,350,24,1,5,13,LD
Wendy’s,Artisan Egg Sandwich with Bacon,320,17,8,245,750,25,1,4,18,B
Wendy’s,Artisan Egg Sandwich with Sausage,480,33,13,275,980,27,1,4,21,B
Wendy’s,Bacon Breakfast Bowl,510,28,9,245,1390,44,4,2,19,B
Wendy’s,Biggie Breakfast Sandwich,610,40,15,290,1400,37,2,7,27,B
Wendy’s,Fresh-Baked Biscuit with Applewood Smoked Bacon,410,24,13,235,970,34,1,5,15,B
Wendy’s,Fresh Baked Biscuit with Natural Sausage,590,41,19,270,1270,36,1,6,20,B
Wendy’s,Gravy and Sausage Bowl,450,22,6,220,1260,50,4,2,12,B
Wendy’s,Honey Butter Chicken Biscuit,500,26,12,50,1120,48,1,9,19,B
Wendy’s,Sausage and Egg Burrito,360,20,8,210,920,29,1,2,17,B
Wendy’s,Sausage and Gravy Biscuit,490,29,14,20,1400,49,2,6,8,B
Wendy’s,Sausage Biscuit,480,33,15,50,1010,35,1,5,12,B
Wendy’s,"Seasoned Home-Style Potatoes, Large",360,13,3,0,1080,57,6,1,5,B
Wendy’s,"Seasoned Home-Style Potatoes, Medium",250,9,2,0,750,39,4,1,4,B
Wendy’s,"Seasoned Home-Style Potatoes, Small",230,8,2,0,680,35,4,0,3,B
Arbys,Arby's Melt,330,11,4,30,920,40,2,5,18,LD
Arbys,Arby-Q Sandwich,400,10,3,30,1230,58,3,23,18,LD
Arbys,Beef 'n Cheddar Classic,450,20,6,50,1280,45,2,9,23,LD
Arbys,Beef 'n Cheddar Mid,630,32,11,100,2100,48,2,9,39,LD
Arbys,Bourbon BBQ Brisket Sandwich,650,33,12,105,1460,51,2,15,38,LD
Arbys,Bourbon BBQ Chicken Sandwich,690,31,9,90,1990,66,3,16,38,LD
Arbys,Bourbon BBQ Steak Sandwich,690,31,9,90,1990,66,3,16,38,LD
Arbys,Buttermilk Buffalo Chicken Sandwich,540,24,4.5,60,2110,53,2,6,29,LD
Arbys,Buttermilk Chicken Bacon & Swiss,650,31,9,90,1750,56,2,9,39,LD
Arbys,Buttermilk Chicken Cordon Bleu Sandwich,690,35,10,110,2000,53,1,7,41,LD
Arbys,Buttermilk Crispy Chicken Sandwich,550,26,4.5,60,1480,52,2,6,29,LD
Arbys,Classic French Dip & Swiss/Au Jus,540,23,11,85,2500,50,2,3,35,LD
Arbys,Classic Roast Beef,360,14,5,50,970,37,2,5,23,LD
Arbys,Double Roast Beef,510,24,9,95,1610,38,2,5,38,LD
Arbys,Fire-Roasted Philly Steak,640,32,11,105,1950,46,3,4,42,LD
Arbys,Grand Turkey Club,480,24,7,65,1610,37,2,9,30,LD
Arbys,Greek Gyro,710,44,13,75,1360,55,4,6,23,LD
Arbys,Half Pound Beef 'n Cheddar Sandwich,740,39,14,130,2530,48,2,9,49,LD
Arbys,Half Pound French Dip & Swiss,750,36,17,150,3350,51,2,3,55,LD
Arbys,Half Pound Roast Beef Sandwich,610,30,12,130,2040,38,2,5,48,LD
Arbys,Ham & Swiss Melt,300,9,4,35,1030,37,2,6,18,LD
Arbys,Loaded Italian Sandwich,680,40,14,100,2270,49,3,7,32,LD
Arbys,Pecan Chicken Salad Flatbread,710,46,7,65,980,53,4,9,22,LD
Arbys,Pecan Chicken Salad Sandwich,840,44,6,75,1210,81,6,20,33,LD
Arbys,2 piece Prime-Cut Chicken Tenders,240,11,1.5,30,640,19,1,0,16,LD
Arbys,3 piece Prime-Cut Chicken Tenders,360,17,2.5,45,950,28,2,0,23,LD
Arbys,5 piece Prime-Cut Chicken Tenders,600,28,4,75,1590,47,3,0,39,LD
Arbys,Reuben Sandwich,680,31,8,80,2420,62,4,5,37,LD
Arbys,Roast Beef Gyro,550,29,7,60,1290,48,3,5,24,LD
Arbys,Roast Turkey & Swiss Sandwich,710,28,7,65,1930,79,5,15,38,LD
Arbys,Roast Turkey & Swiss Wrap,520,27,9,65,1640,39,4,6,30,LD
Arbys,"Roast Turkey, Ranch & Bacon Sandwich",800,34,10,80,2420,79,5,16,45,LD
Arbys,"Roast Turkey, Ranch & Bacon Wrap",620,34,11,85,2130,39,4,6,37,LD
Arbys,Smoke Mountain w/ Beef Short Rib,740,35,13,125,2050,62,4,17,43,LD
Arbys,Smokehouse Beef Short Rib Sandwich,590,59,10,75,1510,59,4,14,26,LD
Arbys,Smokehouse Brisket,600,35,12,110,1240,42,2,7,33,LD
Arbys,Super Roast Beef,430,17,5,45,1060,45,3,11,23,LD
Arbys,Three Cheese Steak Sandwich,650,36,15,115,1760,44,2,9,30,LD
Arbys,Triple Decker Sandwich,1030,51,17,155,2940,83,5,19,62,LD
Arbys,Turkey Avocado Club,730,28,6,65,2140,80,6,16,41,LD
Arbys,Turkey Gyro,470,20,3.5,45,1520,48,3,5,25,LD
Arbys,Ultimate BLT,980,55,14,85,2130,80,6,19,43,LD
Arbys,Buffalo Chicken Slider,290,13,2,20,860,31,2,2,12,LD
Arbys,Chicken Tender 'n Cheese Slider,290,12,3.5,25,720,30,1,1,15,LD
Arbys,Corned Beef 'n Cheese Slider,220,9,3.5,30,890,21,1,1,14,LD
Arbys,Ham 'n Cheese Slider,210,8,3,25,780,21,1,2,13,LD
Arbys,Jalapeno Roast Beef 'n Cheese Slider,240,11,4.5,30,670,21,1,1,14,LD
Arbys,Pizza Slider,300,17,6,35,930,23,1,2,13,LD
Arbys,Roast Beef 'n Cheese Slider,240,11,4.5,30,670,21,1,1,14,LD
Arbys,Turkey 'n Cheese Slider,200,7,2.5,25,760,21,1,2,14,LD
Arbys,Chopped Side Salad,70,5,2.5,15,100,4,1,2,5,LD
Arbys,Crispy Chicken Farmhouse Salad,430,24,8,65,1000,26,4,4,28,LD
Arbys,Greek Gyro Salad,420,37,9,55,700,11,2,4,10,LD
Arbys,Roast Turkey Farmhouse Salad,230,13,7,55,870,8,2,5,22,LD
Arbys,Super Greek Salad,720,53,15,85,1310,39,5,7,22,LD
Chick Fil-A,Chargrilled Chicken Club Sandwich,430,16,8,85,1120,37,3,7,37,LD
Chick Fil-A,Chargrilled Chicken Sandwich,310,6,2,55,820,36,3,7,29,LD
Chick Fil-A,Chick-n-Slider,270,11,2.5,45,800,26,1,4,16,LD
Chick Fil-A,1 Piece Chick-n-Strips,120,6,3,25,320,6,0,1,11,LD
Chick Fil-A,2 Piece Chick-n-Strips,230,12,3,55,630,13,1,1,22,LD
Chick Fil-A,3 Piece Chick-n-Strips,350,17,3,70,940,22,1,3,28,LD
Chick Fil-A,4 piece Chick-n-Strips,470,23,3,90,1250,29,1,4,37,LD
Chick Fil-A,Chicken Deluxe,500,23,7,75,1590,42,3,6,31,LD
Chick Fil-A,4 piece Chicken Nuggets,130,6,1.5,40,490,5,1,0,14,LD
Chick Fil-A,6 piece Chicken Nuggets,190,9,1.5,55,730,7,1,0,21,LD
Chick Fil-A,8 piece Chicken Nuggets,260,12,3,70,990,9,1,1,28,LD
Chick Fil-A,12 piece Chicken Nuggets,390,18,1.5,115,1460,14,2,1,41,LD
Chick Fil-A,30 piece Chicken Nuggets,970,46,2.5,285,3660,35,4,1,103,LD
Chick Fil-A,Chicken Salad Sandwich,490,19,3,80,1130,55,5,12,28,LD
Chick Fil-A,Chicken Sandwich,440,19,4,60,1350,40,2,5,28,LD
Chick Fil-A,4 Piece Grilled Chicken Nuggets,70,2,1,35,220,1,0,0,13,LD
Chick Fil-A,6 Piece Grilled Chicken Nuggets,110,3,1,50,330,2,0,0,19,LD
Chick Fil-A,8 piece Grilled Chicken Nuggets,140,4,1,70,440,2,0,0,25,LD
Chick Fil-A,12 Piece Grilled Chicken Nuggets,210,5,1,100,670,3,0,1,38,LD
Chick Fil-A,Spicy Grilled Chicken Sub Sandwich,430,12,4.5,85,1310,47,5,9,33,LD
Chick Fil-A,Regular Grilled Chicken Sub Sandwich,450,13,6,75,1000,48,4,10,34,LD
Chick Fil-A,Smokehouse BBQ Bacon Sandwich,500,18,0,95,1200,46,2,10,33,LD
Chick Fil-A,Spicy Chicken Sandwich,450,19,4,60,1620,41,1,5,29,LD
Chick Fil-A,Spicy Deluxe,540,25,8,80,1760,43,2,6,34,LD
Chick Fil-A,Chargrilled Chicken Cool Wrap,350,14,5,60,960,29,15,3,37,LD
Chick Fil-A,Chicken Enchiladas Meal Kit,860,47,16,100,2520,70,0,8,39,LD
Chick Fil-A,Chicken Parmesan Meal Kit,720,31,15,120,1780,65,0,7,48,LD
Dairy Queen,1/2 lb. FlameThrower® GrillBurger,1000,74,26,170,1610,40,2,9,46,LD
Dairy Queen,1/2 lb. GrillBurger with Cheese,800,51,20,135,1280,44,3,13,40,LD
Dairy Queen,1/4 lb. Bacon Cheese GrillBurger,630,37,13,95,1250,44,2,13,30,LD
Dairy Queen,1/4 lb. GrillBurger with Cheese,540,30,11,70,1020,44,3,13,23,LD
Dairy Queen,1/4 lb. Mushroom Swiss GrillBurger,570,35,11,75,820,39,2,8,24,LD
Dairy Queen,Original Cheeseburger,400,18,9,65,930,34,1,8,19,LD
Dairy Queen,Original Double Cheeseburger,630,34,18,125,1240,34,1,9,34,LD
Dairy Queen,4 Piece Chicken Strip Basket w/ Country Gravy,1030,53,9,80,2780,105,9,4,35,LD
Dairy Queen,6 Piece Chicken Strip Basket w/ Country Gravy,1260,66,11,120,3500,121,12,4,49,LD
Dairy Queen,Bacon Cheese Dog,420,26,11,60,1140,26,1,3,19,LD
Dairy Queen,Cheese Dog,390,24,11,50,1000,26,1,3,16,LD
Dairy Queen,Chili Cheese Dog,380,24,11,55,900,23,1,3,16,LD
Dairy Queen,Chili Dog,330,20,8,40,1050,24,1,5,13,LD
Dairy Queen,Hot Dog,290,17,7,35,900,22,1,4,11,LD
Dairy Queen,Relish Dog,350,20,8,35,1000,30,1,6,13,LD
Dairy Queen,Barbecue Pork Sandwich,310,9,3,50,830,41,2,9,17,LD
Dairy Queen,Breaded Mushrooms,250,9,1,0,500,36,2,1,7,LD
Dairy Queen,Regular Cheese Curds,550,45,25,150,900,0,0,0,35,LD
Dairy Queen,Large Cheese Curds,1050,75,43,180,2210,52,0,30,43,LD
Dairy Queen,Chili Cheese Mega Dog,760,49,21,100,1570,48,2,6,32,LD
Dairy Queen,Corn Dog,260,15,4,20,450,26,1,7,6,LD
Dairy Queen,Crispy Fish Sandwich,470,22,3,20,1210,53,2,7,17,LD
Dairy Queen,Deluxe Cheeseburger,400,18,9,65,930,35,1,9,20,LD
Dairy Queen,Deluxe Double Cheeseburger,640,34,18,125,1240,35,1,9,34,LD
Dairy Queen,Deluxe Double Hamburger,540,26,13,100,750,34,1,9,29,LD
Dairy Queen,Deluxe Hamburger,350,14,7,50,680,34,1,9,17,LD
Dairy Queen,DQ Ultimate® Burger,780,48,22,150,1390,34,1,7,41,LD
Dairy Queen,Pork Tenderloin Sandwich,580,34,7,45,910,48,2,6,19,LD
Dairy Queen,Steak Finger Basket,910,48,13,45,2210,95,5,2,23,LD
Dairy Queen,3 chicken strips Chicken Strips,350,20,3,60,960,22,10,0,22,LD
Dairy Queen,Chicken Bacon Ranch Sandwich,500,20,8,65,1190,45,3,3,33,LD
Dairy Queen,Chicken Mozzarella Sandwich,640,25,8,60,1530,68,4,3,34,LD
Dairy Queen,Crispy Chicken BLT Salad,520,31,10,100,1470,25,9,6,37,LD
Dairy Queen,Crispy Chicken Garden Greens Salad,280,13,2,40,670,24,9,6,17,LD
Dairy Queen,Crispy Chicken Sandwich,600,30,5,55,1250,59,7,8,24,LD
Dairy Queen,Crispy Chicken Wrap,350,21,5,35,820,30,2,1,12,LD
Dairy Queen,Grilled Chicken BLT Salad,380,19,9,100,1540,11,3,6,42,LD
Dairy Queen,Grilled Chicken Garden Greens Salad,150,2,0.5,40,730,10,3,6,23,LD
Dairy Queen,Grilled Chicken Sandwich,360,15,3,50,1040,32,1,5,25,LD
Dairy Queen,Grilled Chicken Wrap,280,15,4,30,800,22,1,1,15,LD
Dairy Queen,Side Salad,20,0,0,0,15,5,2,3,1,LD
Dairy Queen,Turkey BLT Sandwich,550,26,8,60,1420,45,3,3,30,LD
Sonic,Hatch Green Chile Cheeseburger,710,43,17,120,1120,44,2,7,35,LD
Sonic,Jalapeno Burger,640,37,14,100,930,42,2,6,31,LD
Sonic,Jr. Burger,340,17,6,35,640,34,1,6,15,LD
Sonic,Jr. Chili Cheeseburger,410,24,9,55,730,32,1,4,20,LD
Sonic,Jr. Deluxe Burger,380,23,6,40,470,32,1,4,15,LD
Sonic,Jr. Deluxe Cheeseburger,450,28,9,60,800,33,1,4,19,LD
Sonic,Jr. Double Cheeseburger,600,38,16,110,1350,35,1,7,31,LD
Sonic,Sonic Bacon Cheeseburger (w/mayo),870,59,20,140,1350,45,2,7,39,LD
Sonic,Sonic Burger W/ Mustard,640,37,14,100,790,43,2,7,31,LD
Sonic,Sonic Burger W/ Ketchup,650,37,14,100,860,46,2,10,32,LD
Sonic,Sonic Burger W/ Mayonnaise,740,48,15,110,760,44,2,7,31,LD
Sonic,Sonic Cheeseburger W/ Mustard,710,43,17,120,1120,43,2,7,35,LD
Sonic,Sonic Cheeseburger W/ Ketchup,720,43,17,120,1190,47,2,10,35,LD
Sonic,Sonic Cheeseburger W/ Mayonnaise,800,54,18,130,1090,44,2,7,35,LD
Sonic,Super Sonic Bacon Double Cheeseburger (w/mayo),1280,92,36,260,1630,44,2,7,67,LD
Sonic,Super Sonic Double Cheeseburger W/ Mustard,1120,76,32,235,1550,44,2,8,63,LD
Sonic,Super Sonic Double Cheeseburger W/ Ketchup,1130,76,32,235,1620,47,2,11,63,LD
Sonic,Super Sonic Double Cheeseburger W/ Mayo,1220,87,34,245,1520,45,2,8,63,LD
Sonic,Super Sonic Jalapeno Double Cheeseburger,1120,76,32,235,1690,43,2,7,63,LD
Sonic,Veggie Burger W/ Ketchup,450,14,4,10,1410,67,5,11,15,LD
Sonic,Veggie Burger With Mustard,450,14,4,10,1350,64,5,8,15,LD
Sonic,Veggie Burger W/ Mustard,450,14,4,10,1300,64,5,8,15,LD
Sonic,Grilled Asiago Caesar Chicken Club Sandwich,610,30,7,110,1570,44,3,8,40,LD
Sonic,Crispy Asiago Caesar Chicken Club Sandwich,680,39,9,80,1120,53,4,7,31,LD
Sonic,Grilled Chicken Sandwich,430,20,4,80,940,33,2,6,28,LD
Sonic,Crispy Chicken Sandwich,570,33,5,45,1060,47,4,6,23,LD
Sonic,Chicken Strip Sandwich,450,24,4,35,740,43,1,4,19,LD
Sonic,3 Piece Crispy Chicken Tender Dinner,280,14,2.5,0,800,16,0,0,22,LD
Sonic,5 Piece Crispy Chicken Tender Dinner,470,24,4.5,0,1340,26,0,0,37,LD
Sonic,Deluxe Ultimate Chicken Sandwich,740,39,8,90,1550,63,4,12,33,LD
Sonic,Buffalo Dunked Ultimate Chicken Sandwich,1000,61,12,125,4520,70,5,12,23,LD
Sonic,Garlic Parmesan Dunked Ultimate Chicken Sandwich,1350,100,17,190,2180,69,4,10,23,LD
Sonic,Small Jumbo Popcorn Chicken,380,22,4,45,1250,27,3,1,18,LD
Sonic,Large Jumbo Popcorn Chicken,560,32,6,65,1890,41,5,2,27,LD
Sonic,Small Spicy Jumbo Popcorn Chicken,350,17,3,45,860,30,2,0,21,LD
Sonic,Large Spicy Jumbo Popcorn Chicken,610,30,5,80,1500,51,3,0,36,LD
Sonic,3 Piece Super Crunch Chicken Strip Dinner,970,46,8,55,2160,109,7,9,30,LD
Sonic,4 Piece Super Crunch Chicken Strip Dinner,1080,51,9,75,2390,118,8,9,37,LD
Sonic,5 Piece Super Crunch Chicken Strip Dinner,1190,57,10,90,2610,126,8,9,44,LD
Sonic,3 Piece Super Crunch Chicken Strips,330,16,3,55,670,25,2,0,22,LD
Sonic,4 Piece Super Crunch Chicken Strips,440,21,4,70,900,34,2,1,29,LD
Sonic,5 Piece Super Crunch Chicken Strips,550,26,5,90,1120,42,3,1,36,LD
Sonic,Traditional Ultimate Chicken Sandwich,730,39,8,90,1540,62,3,11,32,LD
Sonic,Ultimate Chicken Club,100,64,15,100,2070,65,4,12,39,LD
Sonic,"All Beef All-american Style Dog – 6""",370,18,7,40,1180,40,1,15,12,LD
Sonic,"All Beef Chicago Dog – 6""",430,20,7,40,2310,49,1,17,14,LD
Sonic,"All Beef Chili Cheese Coney – 6""",410,26,11,65,1140,30,2,4,17,LD
Sonic,"All Beef New York Dog – 6""",340,19,7,40,1250,30,3,4,13,LD
Sonic,"All Beef Regular Hot Dog – 6""",320,18,7,40,870,27,1,3,11,LD
Sonic,Cheesy Bacon Pretzel Dog - 6 In.,500,26,10,50,1410,46,2,7,15,LD
Sonic,Corn Dog,210,11,4,20,530,23,2,4,6,LD
Sonic,Footlong Quarter Pound Coney,830,54,22,85,1940,54,3,9,30,LD
Sonic,The Original Pretzel Dog,320,18,7,35,910,27,1,2,11,LD
Subway,"6"" B.L.T.",320,9,4,20,680,43,5,6,15,LD
Subway,Footlong B.L.T.,640,18,8,40,1360,86,10,12,30,LD
Subway,"6"" BBQ Rib Sandwich",430,18,6,50,590,47,5,8,19,LD
Subway,Footlong BBQ Rib Sandwich,860,36,12,100,1180,94,10,16,38,LD
Subway,"6"" Big Hot Pastrami",580,31,11,85,1470,47,5,7,29,LD
Subway,"6"" Big Philly Cheesesteak",500,17,9,85,1310,51,6,8,38,LD
Subway,Kids Mini Sub Black Forest Ham,180,3,0.5,10,450,30,3,5,10,LD
Subway,"6"" Black Forest Ham",290,5,1,20,830,46,5,8,18,LD
Subway,"6"" Carved Turkey",330,5,1,45,890,45,5,7,25,LD
Subway,"6"" Chicken & Bacon Ranch Melt",570,28,10,95,1080,47,5,8,35,LD
Subway,"6"" Chicken Pizziola Melt",460,16,6,80,1140,49,6,9,32,LD
Subway,"6"" Cold Cut Combo",370,13,4,50,1140,46,5,7,18,LD
Subway,"6"" Italian B.M.T.",410,16,6,45,1300,46,5,8,20,LD
Subway,"6"" Italian Hero",550,29,10,75,1470,47,5,9,26,LD
Subway,"6"" Meatball Marinara",480,18,7,30,950,59,8,12,21,LD
Subway,"6"" Oven Roasted Chicken",320,5,2,25,640,47,5,8,23,LD
Subway,Footlong Oven Roasted Chicken,640,10,4,50,1280,44,10,16,46,LD
Subway,Kids Mini Sub Roast Beef,200,3,1,25,390,30,4,5,14,LD
Subway,"6"" Roast Beef",320,5,2,40,700,45,5,7,24,LD
Subway,Footlong Roast Beef,640,10,4,80,1400,90,10,14,48,LD
Subway,"6"" Rotisserie Style Chicken",350,6,1.5,50,540,44,5,7,29,LD
Subway,Footlong Rotisserie Style Chicken,700,12,3,100,1080,88,10,14,58,LD
Subway,"6"" Steak and Cheese",380,10,5,50,1060,48,5,8,26,LD
Subway,"6"" Subway Club",310,5,2,40,880,46,5,7,23,LD
Subway,"6"" Subway Melt (includes cheese)",370,11,5,45,1210,47,5,8,23,LD
Subway,Footlong Subway Melt (includes cheese),740,22,10,90,1420,94,10,16,46,LD
Subway,"6"" Subway Seafood Sensation",420,19,3,20,690,51,5,8,13,LD
Subway,Footlong Subway Seafood Sensation,840,38,6,40,1380,102,10,16,26,LD
Subway,"6"" Sweet Onion Chicken Teriyaki",380,5,1,50,900,59,5,18,26,LD
Subway,"6"" Tuna",470,24,4,30,620,44,5,6,20,LD
Subway,Footlong Tuna,940,48,8,60,1240,88,10,12,40,LD
Subway,"6"" Turkey & Bacon Avocado",390,13,3.5,30,860,49,8,7,22,LD
Subway,Kids Mini Sub Turkey Breast,180,2,0.5,10,380,30,3,5,10,LD
Subway,"6"" Turkey Breast",280,4,1,20,810,46,5,7,18,LD
Subway,"6"" Turkey Breast & Ham",280,4,1,20,820,46,5,8,18,LD
Subway,"6"" Turkey Italiano Melt (with Provolone)",490,24,9,50,1480,47,5,8,24,LD
Subway,Kids Mini Sub Veggie Delite,150,2,0,0,190,29,3,4,6,LD
Subway,"6"" Veggie Delite",230,3,1,0,310,44,5,6,8,LD
Subway,Footlong Veggie Delite,460,6,2,0,620,88,10,12,16,LD
Subway,"6"" Veggie Patty",390,7,1,10,800,56,8,8,23,LD
Subway,Autumn Carved Turkey Salad,300,9,3,60,1120,26,3,22,25,LD
Subway,B.L.T. Salad,150,8,4,20,420,10,4,5,10,LD
Subway,Big Hot Pastrami Melt Salad,400,29,11,85,1250,12,4,4,23,LD
Subway,Big Philly Cheesesteak Salad,330,16,8,85,1080,17,5,6,32,LD
Subway,Black Forest Ham Salad,110,3,1,20,590,11,4,6,12,LD
Subway,Buffalo Chicken Salad (with Ranch dressing),360,26,4,60,1100,13,4,6,20,LD
Subway,Carved Turkey & Bacon w/ Cheese Salad,280,12,4.5,65,1320,11,4,5,28,LD
Subway,Carved Turkey Salad,150,4,0,45,680,8,3,3,19,LD
Subway,Chicken & Bacon Ranch Melt Salad (includes Ranch dressing),510,38,12,100,1040,14,4,7,30,LD
Subway,Cold Cut Combo Salad,180,11,4,45,820,12,4,5,12,LD
Subway,Double Chicken Salad,220,5,1.5,100,490,10,4,4,36,LD
Subway,Italian B.M.T.® Salad,230,15,6,45,1060,12,4,6,14,LD
Subway,Italian Hero Salad,230,15,5,45,1060,13,4,8,14,LD
Subway,Meatball Marinara Salad,310,17,7,30,720,25,6,10,16,LD
Subway,Oven Roasted Chicken Salad,140,3,0.5,50,280,10,4,4,19,LD
Subway,Roast Beef Salad,140,4,1,40,450,10,4,5,18,LD
Subway,Spicy Italian Salad,310,23,9,50,1280,11,4,6,15,LD
Subway,Steak & Cheese Salad,210,8,4,50,830,14,4,6,20,LD
Subway,Subway Club Salad,140,4,1,40,640,11,4,5,17,LD
Subway,Subway Melt® Salad,200,10,5,45,910,13,4,6,18,LD
Subway,Sweet Onion Chicken Teriyaki Salad,200,3,1,50,660,24,4,16,20,LD
Subway,Tuna Salad,310,24,4,40,370,10,4,4,15,LD
Subway,Turkey Breast & Ham Salad,110,3,1,25,580,11,4,5,12,LD
Subway,Turkey Breast Salad,110,2,1,20,570,11,4,5,12,LD
Subway,Veggie Delite Salad,50,1,0,0,65,9,4,4,3,LD
Subway,Cheese & Veggies Pizza,740,25,11,50,1270,100,5,9,36,LD
Subway,Cheese Pizza,680,22,9,40,1070,96,4,7,32,LD
Subway,Pepperoni Pizza,790,32,13,60,1350,96,4,8,38,LD
Subway,Sausage Pizza,820,34,14,70,1420,97,4,8,39,LD
Cava,Tahini Caesar,550,31,7,155,1200,28,4,6,37,LD
Cava,Steak Mezze Salad*,495,33,9,105,1100,22,4,9,33,LD
Cava,Brown Rice,310,10,1.5,0,770,48,5,2,8,LD
Cava,Saffron Basmati Rice,290,6,1,0,770,54,2,0,6,LD
Cava,RightRice®,370,10,1,0,510,53,9,0,18,LD
Cava,Black Lentils,260,7,1,0,520,37,15,3,17,LD
Cava,SuperGreens,40,0,0,0,30,8,4,3,3,LD
Cava,Arugula,20,0,0,0,25,3,1,2,2,LD
Cava,Baby Spinach,20,0,0,0,70,3,2,0,3,LD
Cava,Romaine,20,0,0,0,10,4,3,1,1,LD
Cava,SplendidGreens®,20,0,0,0,15,4,3,1,1,LD
Cava,Braised Lamb,210,12,6,65,240,2,1,0,24,LD
Cava,Grilled Chicken,250,13,3,150,670,3,1,0,28,LD
Cava,Falafel,350,26,1.5,0,810,24,5,3,6,LD
Cava,Grilled Steak*,160,8,3,85,260,1,0,0,23,LD
Cava,Harissa Honey Chicken,260,14,3,135,670,7,2,3,26,LD
Cava,Roasted Vegetables,100,4.5,0.5,0,600,14,5,5,3,LD
Cava,Spicy Lamb Meatballs,300,22,8,90,680,3,1,1,24,LD
Cava,Shredded Romaine,5,0,0,0,0,1,0,0,0,TOP
Cava,Pita Crisps,90,4.5,0.5,0,35,10,1,1,1,TOP
Cava,Cabbage Slaw,35,3,0,0,125,2,1,1,0,TOP
Cava,Tomato + Onion,20,2,0,0,125,2,0,1,0,TOP
Cava,Persian Cucumber,15,1,0,0,110,1,0,1,0,TOP
Cava,Tomato + Cucumber,10,0,0,0,0,2,0,1,0,TOP
Cava,Kalamata Olives,50,4.5,0,0,260,2,0,0,0,TOP
Cava,Fiery Broccoli,35,2.5,0,0,170,2,1,1,1,TOP
Cava,Pickled Onions,20,0,0,0,0,5,0,4,0,TOP
Cava,Salt-Brined Pickles,5,0,0,0,280,0,0,0,0,TOP
Cava,Crumbled Feta,35,2.5,2.3,10,125,0,0,1,3,TOP
Cava,Fire-Roasted Corn,45,3,0,0,105,5,1,2,1,TOP
Cava,Avocado,160,15,2,0,10,9,7,1,2,TOP
Cava,Roasted White Sweet Potato,180,4,0.5,0,490,35,1,9,3,TOP
Cava,Tzatziki,35,2.5,1.5,10,60,1,0,1,2,TOP
Cava,Hummus,45,2.5,0,0,115,4,1,0,1,TOP
Cava,Roasted Eggplant,50,4.5,0.5,0,170,2,1,0,0,TOP
Cava,Crazy Feta®,70,6,3,10,220,1,0,0,3,TOP
Cava,Harissa,70,6,1,0,250,5,1,2,1,TOP
Cava,Red Pepper Hummus,30,1,0,0,150,4,1,1,1,TOP
Cava,Balsamic Date Vinaigrette,60,4,0.5,0,250,7,1,5,0,TOP
Cava,Yogurt Dill,30,2,1,5,190,1,0,0,2,TOP
Cava,Lemon-Herb Tahini,70,6,1,0,140,4,2,0,2,TOP
Cava,Tahini Caesar,90,8,1,0,250,3,1,0,2,TOP
Cava,Greek Vinaigrette,130,14,2,0,230,1,0,0,0,TOP
Cava,Skhug,80,9,1,0,150,1,0,0,0,TOP
Cava,Hot Harissa Vinaigrette,70,7,1,0,240,2,0,1,0,TOP
Cava,Garlic Dressing,180,20,2,0,90,0,0,0,0,TOP
Cava,Side Pita,80,2,0,0,190,13,2,1,3,S
Cava,Pita Chips,280,8,1,0,630,40,5,2,10,S
Cava,Greyston Blondie,140,6,3.5,30,40,22,0,17,2,S
Cava,Greyston Brownie,150,9,6,45,10,17,1,13,2,S
Cava,Whisked! Apricot Honey,270,11,7,45,190,42,1,24,3,S
Cava,"Whisked! Salted DarkChocolate Oat Cookie (DMV)",290,15,9,40,160,37,3,21,4,S
Chipotle,Tortilla burrito,320,9,0.5,0,600,50,3,0,8,Carb
Chipotle,Tortilla taco,250,8,1,0,480,40,2,0,7,Carb
Chipotle,Crispy Corn Tortilla taco,200,9,1,0,0,29,3,0,3,Carb
Chipotle,Cilantro-Lime Brown Rice,210,6,1,0,190,36,2,0,4,Carb
Chipotle,Cilantro-Lime White Rice,210,4,0.5,0,350,40,1,0,4,Carb
Chipotle,Black Beans,130,1.5,0,0,210,22,7,2,8,Top
Chipotle,Pinto Beans,130,1.5,0,0,210,21,8,1,8,Top
Chipotle,Fajita Vegetables,20,0,0,0,150,5,1,2,1,Top
Chipotle,Barbacoa,170,7,2.5,65,530,2,1,0,24,Pro
Chipotle,Chicken,180,7,3,125,310,0,0,0,32,Pro
Chipotle,Carnitas,210,12,7,65,450,0,0,0,23,Pro
Chipotle,Carne Asada,250,14,5,100,740,1,0,0,29,Pro
Chipotle,Steak,150,6,2.5,80,330,1,1,0,21,Pro
Chipotle,Sofritas,150,10,1.5,0,560,9,3,5,8,Pro
Chipotle,Fresh Tomato Salsa,25,0,0,0,550,4,1,1,0,Top
Chipotle,Roasted Chili-Corn Salsa,80,1.5,0,0,330,16,3,4,3,Top
Chipotle,Tomatillo-Green Chili Salsa,15,0,0,0,260,4,0,2,0,Top
Chipotle,Tomatillo-Red Chili Salsa,30,0,0,0,500,4,1,0,0,Top
Chipotle,Cheese,110,8,0,30,190,1,0,0,6,Top
Chipotle,Sour Cream,110,9,5,40,30,2,0,2,2,Top
Chipotle,Guacomole (Side),230,22,7,0,370,8,6,1,2,Top
Chipotle,Guacomole,460,44,3.5,0,740,16,12,2,4,Top
Chipotle,Queso Blanco (Entree),120,9,7,30,250,4,0,1,5,Top
Chipotle,Queso Blanco (Side),240,18,6,60,490,7,0,2,10,Top
Chipotle,Queso Blanco,480,37,12,120,980,14,1,5,20,Top
Chipotle,Romaine Lettuce,5,0,0,0,0,1,1,0,0,Top
Chipotle,Chips regular,540,25,0,0,390,73,7,1,7,Side
Chipotle,Chips large,810,38,3.5,0,590,110,11,2,11,Side
